-- MySQL dump 10.13  Distrib 8.0.31, for macos12 (arm64)
--
-- Host: localhost    Database: OrganDonation
-- ------------------------------------------------------
-- Server version	8.0.31

/*!40101 SET @OLD_CHARACTER_SET_CLIENT=@@CHARACTER_SET_CLIENT */;
/*!40101 SET @OLD_CHARACTER_SET_RESULTS=@@CHARACTER_SET_RESULTS */;
/*!40101 SET @OLD_COLLATION_CONNECTION=@@COLLATION_CONNECTION */;
/*!50503 SET NAMES utf8mb4 */;
/*!40103 SET @OLD_TIME_ZONE=@@TIME_ZONE */;
/*!40103 SET TIME_ZONE='+00:00' */;
/*!40014 SET @OLD_UNIQUE_CHECKS=@@UNIQUE_CHECKS, UNIQUE_CHECKS=0 */;
/*!40014 SET @OLD_FOREIGN_KEY_CHECKS=@@FOREIGN_KEY_CHECKS, FOREIGN_KEY_CHECKS=0 */;
/*!40101 SET @OLD_SQL_MODE=@@SQL_MODE, SQL_MODE='NO_AUTO_VALUE_ON_ZERO' */;
/*!40111 SET @OLD_SQL_NOTES=@@SQL_NOTES, SQL_NOTES=0 */;

--
-- Table structure for table `HOSPITAL`
--

DROP TABLE IF EXISTS `HOSPITAL`;
/*!40101 SET @saved_cs_client     = @@character_set_client */;
/*!50503 SET character_set_client = utf8mb4 */;
CREATE TABLE `HOSPITAL` (
  `HOSPITAL_ID` int NOT NULL AUTO_INCREMENT,
  `HOSPITAL_NAME` varchar(45) DEFAULT NULL,
  `HOSPITAL_CITY` varchar(45) DEFAULT NULL,
  `HOSPITAL_STATE` varchar(45) DEFAULT NULL,
  `HOSPITAL_REGION` varchar(45) DEFAULT NULL,
  `NETWORK_ID` int DEFAULT NULL,
  PRIMARY KEY (`HOSPITAL_ID`),
  KEY `HOSPITAL_NETWORK_ID_idx` (`NETWORK_ID`),
  CONSTRAINT `HOSPITAL_NETWORK_ID` FOREIGN KEY (`NETWORK_ID`) REFERENCES `NETWORK` (`NETWORK_ID`) ON DELETE SET NULL ON UPDATE CASCADE
) ENGINE=InnoDB AUTO_INCREMENT=37 DEFAULT CHARSET=utf8mb4 COLLATE=utf8mb4_0900_ai_ci;
/*!40101 SET character_set_client = @saved_cs_client */;

--
-- Dumping data for table `HOSPITAL`
--

LOCK TABLES `HOSPITAL` WRITE;
/*!40000 ALTER TABLE `HOSPITAL` DISABLE KEYS */;
INSERT INTO `HOSPITAL` VALUES (1,'ABC','BOSTON','MA','NE',NULL),(3,'Test','ABC','NY','SE',NULL),(4,'Test','Boston','MA','NE',NULL),(27,'Ram Bhose','Boston','MA','NE',NULL),(28,'Ram Bhose 2','Boston Common','MA','NE',NULL),(31,'kAL Bugu Boom Boom','YE','MU','MO',NULL),(32,'asd','Boston','MA','NE',NULL),(33,'ansds','Boston','MA','NE',NULL),(34,'','Boston','MA','NE',NULL),(35,'test_hos','Boston','MA','NE',NULL),(36,'HOSPITAL_TEST','Boston','MA','NE',NULL);
/*!40000 ALTER TABLE `HOSPITAL` ENABLE KEYS */;
UNLOCK TABLES;

--
-- Table structure for table `HOSPITAL_ADMIN`
--

DROP TABLE IF EXISTS `HOSPITAL_ADMIN`;
/*!40101 SET @saved_cs_client     = @@character_set_client */;
/*!50503 SET character_set_client = utf8mb4 */;
CREATE TABLE `HOSPITAL_ADMIN` (
  `HOSPITAL_ADMIN_ID` int NOT NULL AUTO_INCREMENT,
  `HOSPITAL_ADMIN_USERNAME` varchar(45) DEFAULT NULL,
  `HOSPITAL_ADMIN_NAME` varchar(45) DEFAULT NULL,
  `HOSPITAL_ADMIN_AGE` int DEFAULT NULL,
  `HOSPITAL_ADMIN_GENDER` varchar(45) DEFAULT NULL,
  `HOSPITAL_ID` int DEFAULT NULL,
  `HOSPITAL_ADMIN_PASSWORD` varchar(257) DEFAULT NULL,
  `HOSPITAL_ADMIN_CONTACT` varchar(45) DEFAULT NULL,
  `HOSPITAL_ADMIN_EMAIL` varchar(45) DEFAULT NULL,
  `HOSPITAL_ADMIN_ADDRESS` varchar(200) DEFAULT NULL,
  PRIMARY KEY (`HOSPITAL_ADMIN_ID`),
  KEY `HOSPITAL_ADMIN_idx` (`HOSPITAL_ID`),
  CONSTRAINT `HOSPITAL_ADMIN` FOREIGN KEY (`HOSPITAL_ID`) REFERENCES `HOSPITAL` (`HOSPITAL_ID`) ON DELETE SET NULL ON UPDATE CASCADE
) ENGINE=InnoDB AUTO_INCREMENT=22 DEFAULT CHARSET=utf8mb4 COLLATE=utf8mb4_0900_ai_ci;
/*!40101 SET character_set_client = @saved_cs_client */;

--
-- Dumping data for table `HOSPITAL_ADMIN`
--

LOCK TABLES `HOSPITAL_ADMIN` WRITE;
/*!40000 ALTER TABLE `HOSPITAL_ADMIN` DISABLE KEYS */;
INSERT INTO `HOSPITAL_ADMIN` VALUES (1,'anuj','Anuj',23,'Male',1,'kumar',NULL,NULL,NULL),(3,'disha','disha',NULL,NULL,3,'disha',NULL,NULL,NULL),(20,'anujkumar1','anuj',NULL,NULL,33,'asd',NULL,'anujk492c@gmail.com',NULL),(21,'KB','KB',NULL,NULL,36,'KB',NULL,'dishampatil@gmail.com',NULL);
/*!40000 ALTER TABLE `HOSPITAL_ADMIN` ENABLE KEYS */;
UNLOCK TABLES;

--
-- Table structure for table `HOSPITAL_DOCTOR`
--

DROP TABLE IF EXISTS `HOSPITAL_DOCTOR`;
/*!40101 SET @saved_cs_client     = @@character_set_client */;
/*!50503 SET character_set_client = utf8mb4 */;
CREATE TABLE `HOSPITAL_DOCTOR` (
  `HOSPITAL_DOCTOR_ID` int NOT NULL AUTO_INCREMENT,
  `HOSPITAL_DOCTOR_USERNAME` varchar(45) DEFAULT NULL,
  `HOSPITAL_DOCTOR_NAME` varchar(45) DEFAULT NULL,
  `HOSPITAL_DOCTOR_AGE` int DEFAULT NULL,
  `HOSPITAL_DOCTOR_GENDER` varchar(45) DEFAULT NULL,
  `HOSPITAL_ID` int DEFAULT NULL,
  `HOSPITAL_DOCTOR_PASSWORD` varchar(257) DEFAULT NULL,
  `HOSPITAL_DOCTOR_EMAIL` varchar(45) DEFAULT NULL,
  `HOSPITAL_DOCTOR_CONTACT` varchar(45) DEFAULT NULL,
  `HOSPITAL_DOCTOR_ADDRESS` varchar(200) DEFAULT NULL,
  PRIMARY KEY (`HOSPITAL_DOCTOR_ID`),
  KEY `DOCTOR_HOSPITAL_ID_idx` (`HOSPITAL_ID`),
  CONSTRAINT `HOSPITAL_DOCTOR` FOREIGN KEY (`HOSPITAL_ID`) REFERENCES `HOSPITAL` (`HOSPITAL_ID`) ON DELETE SET NULL ON UPDATE CASCADE
) ENGINE=InnoDB AUTO_INCREMENT=9 DEFAULT CHARSET=utf8mb4 COLLATE=utf8mb4_0900_ai_ci;
/*!40101 SET character_set_client = @saved_cs_client */;

--
-- Dumping data for table `HOSPITAL_DOCTOR`
--

LOCK TABLES `HOSPITAL_DOCTOR` WRITE;
/*!40000 ALTER TABLE `HOSPITAL_DOCTOR` DISABLE KEYS */;
INSERT INTO `HOSPITAL_DOCTOR` VALUES (1,'anujkumar','Anuj',23,'Male',1,NULL,NULL,NULL,NULL),(2,'dishapatil','Disha',23,'Female',NULL,NULL,NULL,NULL,NULL),(3,'kumar12','kumar12',2112,'Male',NULL,NULL,NULL,NULL,NULL),(4,'anuj','Anuj Kumar',NULL,NULL,3,'123',NULL,NULL,NULL),(6,'anuj12','Assign to this',1212,'Male',3,'anuj','anuj@gmail.com','123123','Boston'),(7,'anuj1234','ANuj',NULL,NULL,3,'123',NULL,NULL,NULL),(8,'Test_D','Test_D',NULL,NULL,36,'Test_D',' dishampatil@gmail.com',NULL,NULL);
/*!40000 ALTER TABLE `HOSPITAL_DOCTOR` ENABLE KEYS */;
UNLOCK TABLES;

--
-- Table structure for table `HOSPITAL_PATHOLOGIST`
--

DROP TABLE IF EXISTS `HOSPITAL_PATHOLOGIST`;
/*!40101 SET @saved_cs_client     = @@character_set_client */;
/*!50503 SET character_set_client = utf8mb4 */;
CREATE TABLE `HOSPITAL_PATHOLOGIST` (
  `HOSPITAL_PATHOLOGIST_ID` int NOT NULL AUTO_INCREMENT,
  `HOSPITAL_PATHOLOGIST_USERNAME` varchar(45) DEFAULT NULL,
  `HOSPITAL_PATHOLOGIST_NAME` varchar(45) DEFAULT NULL,
  `HOSPITAL_PATHOLOGIST_AGE` int DEFAULT NULL,
  `HOSPITAL_PATHOLOGIST_GENDER` varchar(45) DEFAULT NULL,
  `HOSPITAL_ID` int DEFAULT NULL,
  `HOSPITAL_PATHOLOGIST_PASSWORD` varchar(257) DEFAULT NULL,
  `HOSPITAL_PATHOLOGIST_EMAIL` varchar(45) DEFAULT NULL,
  `HOSPITAL_PATHOLOGIST_CONTACT` varchar(45) DEFAULT NULL,
  `HOSPITAL_PATHOLOGIST_ADDRESS` varchar(200) DEFAULT NULL,
  PRIMARY KEY (`HOSPITAL_PATHOLOGIST_ID`),
  KEY `HOSPITAL_PATHOLOGIST_idx` (`HOSPITAL_ID`),
  CONSTRAINT `HOSPITAL_PATHOLOGIST` FOREIGN KEY (`HOSPITAL_ID`) REFERENCES `HOSPITAL` (`HOSPITAL_ID`) ON DELETE SET NULL ON UPDATE CASCADE
) ENGINE=InnoDB AUTO_INCREMENT=5 DEFAULT CHARSET=utf8mb4 COLLATE=utf8mb4_0900_ai_ci;
/*!40101 SET character_set_client = @saved_cs_client */;

--
-- Dumping data for table `HOSPITAL_PATHOLOGIST`
--

LOCK TABLES `HOSPITAL_PATHOLOGIST` WRITE;
/*!40000 ALTER TABLE `HOSPITAL_PATHOLOGIST` DISABLE KEYS */;
INSERT INTO `HOSPITAL_PATHOLOGIST` VALUES (1,'kunalbhoyar','Kunal',24,'Male',1,NULL,NULL,NULL,NULL),(2,'km','Kashyab',24,'Male',3,'abcd',NULL,NULL,NULL),(3,'kunalbhoyar123','anuj',NULL,NULL,3,'ansd',NULL,NULL,NULL),(4,'Test_P','Test_P',NULL,NULL,36,'Test_P',' dishampatil@gmail.com',NULL,NULL);
/*!40000 ALTER TABLE `HOSPITAL_PATHOLOGIST` ENABLE KEYS */;
UNLOCK TABLES;

--
-- Table structure for table `HOSPITAL_PATIENT`
--

DROP TABLE IF EXISTS `HOSPITAL_PATIENT`;
/*!40101 SET @saved_cs_client     = @@character_set_client */;
/*!50503 SET character_set_client = utf8mb4 */;
CREATE TABLE `HOSPITAL_PATIENT` (
  `HOSPITAL_PATIENT_ID` int NOT NULL AUTO_INCREMENT,
  `HOSPITAL_PATIENT_NAME` varchar(45) DEFAULT NULL,
  `HOSPITAL_PATIENT_AGE` int DEFAULT NULL,
  `HOSPITAL_PATIENT_EMAIL` varchar(45) DEFAULT NULL,
  `HOSPITAL_PATIENT_GENDER` varchar(45) DEFAULT NULL,
  `HOSPITAL_PATIENT_CONTACT` varchar(45) DEFAULT NULL,
  `HOSPITAL_PATIENT_ADDRESS` varchar(200) DEFAULT NULL,
  `HOSPITAL_PATIENT_TYPE` varchar(45) DEFAULT NULL,
  `HOSPITAL_ID` int DEFAULT NULL,
  PRIMARY KEY (`HOSPITAL_PATIENT_ID`),
  KEY `HOSPITAL_PATIENT_idx` (`HOSPITAL_ID`),
  CONSTRAINT `HOSPITAL_PATIENT` FOREIGN KEY (`HOSPITAL_ID`) REFERENCES `HOSPITAL` (`HOSPITAL_ID`) ON DELETE SET NULL ON UPDATE CASCADE
) ENGINE=InnoDB AUTO_INCREMENT=12 DEFAULT CHARSET=utf8mb4 COLLATE=utf8mb4_0900_ai_ci;
/*!40101 SET character_set_client = @saved_cs_client */;

--
-- Dumping data for table `HOSPITAL_PATIENT`
--

LOCK TABLES `HOSPITAL_PATIENT` WRITE;
/*!40000 ALTER TABLE `HOSPITAL_PATIENT` DISABLE KEYS */;
INSERT INTO `HOSPITAL_PATIENT` VALUES (1,'Anuj',21,'asd','Male','asd','asd','Donor',3),(2,'anuj',21,'anva','Male','1231','asd','Donor',3),(3,'Anuj Kumar',23,'a','Male','12312312','adad','Reciver',3),(5,'Kunal',12,'31','Male','12','asd','Reciver',3),(6,'New Patient',21,'a@a.com','Male','2123123','2323','Donor',3),(7,'Newest Patient',21,'2asd','Male','12e','asd','Donor',3),(8,'Checking',12,'12asd','Male','12asd','sad','Donor',3),(9,'Test_Patient',23,'dishampatil@gmail.com','Female','8787657543','211 park drive fenway','Donor',36),(10,'Test_Receiver',24,'dishampatil@gmail.com','Male','7654325678','211 parkview boston','Reciver',36),(11,'KUNAL',34,'kunal@gmail.com','Female','787678768','sdxcfvgbhnj','Reciver',36);
/*!40000 ALTER TABLE `HOSPITAL_PATIENT` ENABLE KEYS */;
UNLOCK TABLES;

--
-- Table structure for table `HOSPITAL_RECEPTIONIST`
--

DROP TABLE IF EXISTS `HOSPITAL_RECEPTIONIST`;
/*!40101 SET @saved_cs_client     = @@character_set_client */;
/*!50503 SET character_set_client = utf8mb4 */;
CREATE TABLE `HOSPITAL_RECEPTIONIST` (
  `HOSPITAL_RECEPTIONIST_ID` int NOT NULL AUTO_INCREMENT,
  `HOSPITAL_RECEPTIONIST_USERNAME` varchar(45) DEFAULT NULL,
  `HOSPITAL_RECEPTIONIST_NAME` varchar(45) DEFAULT NULL,
  `HOSPITAL_RECEPTIONIST_AGE` int DEFAULT NULL,
  `HOSPITAL_RECEPTIONIST_GENDER` varchar(45) DEFAULT NULL,
  `HOSPITAL_ID` int DEFAULT NULL,
  `HOSPITAL_RECEPTIONIST_PASSWORD` varchar(257) DEFAULT NULL,
  `HOSPITAL_RECEPTIONIST_EMAIL` varchar(45) DEFAULT NULL,
  `HOSPITAL_RECEPTIONIST_CONTACT` varchar(45) DEFAULT NULL,
  `HOSPITAL_RECEPTIONIST_ADDRESS` varchar(200) DEFAULT NULL,
  PRIMARY KEY (`HOSPITAL_RECEPTIONIST_ID`),
  KEY `HOSPITAL_RECEPTIONIST_idx` (`HOSPITAL_ID`),
  CONSTRAINT `HOSPITAL_RECEPTIONIST` FOREIGN KEY (`HOSPITAL_ID`) REFERENCES `HOSPITAL` (`HOSPITAL_ID`) ON DELETE SET NULL ON UPDATE SET NULL
) ENGINE=InnoDB AUTO_INCREMENT=5 DEFAULT CHARSET=utf8mb4 COLLATE=utf8mb4_0900_ai_ci;
/*!40101 SET character_set_client = @saved_cs_client */;

--
-- Dumping data for table `HOSPITAL_RECEPTIONIST`
--

LOCK TABLES `HOSPITAL_RECEPTIONIST` WRITE;
/*!40000 ALTER TABLE `HOSPITAL_RECEPTIONIST` DISABLE KEYS */;
INSERT INTO `HOSPITAL_RECEPTIONIST` VALUES (1,'anuj','Anuj',23,'Male',NULL,NULL,NULL,NULL,NULL),(2,'anuj12','anuj',NULL,NULL,3,'ansd',NULL,NULL,NULL),(3,'anuj123','Kas',NULL,NULL,3,'asda',NULL,NULL,NULL),(4,'Test_R','Test_R',NULL,NULL,36,'Test_R',' dishampatil@gmail.com',NULL,NULL);
/*!40000 ALTER TABLE `HOSPITAL_RECEPTIONIST` ENABLE KEYS */;
UNLOCK TABLES;

--
-- Table structure for table `NETWORK`
--

DROP TABLE IF EXISTS `NETWORK`;
/*!40101 SET @saved_cs_client     = @@character_set_client */;
/*!50503 SET character_set_client = utf8mb4 */;
CREATE TABLE `NETWORK` (
  `NETWORK_ID` int NOT NULL AUTO_INCREMENT,
  `NETWORK_CITY` varchar(45) DEFAULT NULL,
  `NETWORK_STATE` varchar(45) DEFAULT NULL,
  `NETWORK_REGION` varchar(45) DEFAULT NULL,
  PRIMARY KEY (`NETWORK_ID`)
) ENGINE=InnoDB AUTO_INCREMENT=8 DEFAULT CHARSET=utf8mb4 COLLATE=utf8mb4_0900_ai_ci;
/*!40101 SET character_set_client = @saved_cs_client */;

--
-- Dumping data for table `NETWORK`
--

LOCK TABLES `NETWORK` WRITE;
/*!40000 ALTER TABLE `NETWORK` DISABLE KEYS */;
INSERT INTO `NETWORK` VALUES (1,'Boston','MA','NE'),(2,'Boston Common','MA','NE'),(3,'NASD','JTABLE','SE'),(4,'Boston','MA','SE'),(5,'asd','asd','asd'),(6,'YE','MU','MO'),(7,'sad','asd','jsad');
/*!40000 ALTER TABLE `NETWORK` ENABLE KEYS */;
UNLOCK TABLES;

--
-- Table structure for table `NGO`
--

DROP TABLE IF EXISTS `NGO`;
/*!40101 SET @saved_cs_client     = @@character_set_client */;
/*!50503 SET character_set_client = utf8mb4 */;
CREATE TABLE `NGO` (
  `NGO_ID` int NOT NULL AUTO_INCREMENT,
  `NGO_NAME` varchar(45) DEFAULT NULL,
  `NGO_CITY` varchar(45) DEFAULT NULL,
  `NGO_STATE` varchar(45) DEFAULT NULL,
  `NGO_REGION` varchar(45) DEFAULT NULL,
  `NETWORK_ID` int DEFAULT NULL,
  PRIMARY KEY (`NGO_ID`),
  KEY `NGO_NETWORK_ID_idx` (`NETWORK_ID`),
  CONSTRAINT `NGO_NETWORK_ID` FOREIGN KEY (`NETWORK_ID`) REFERENCES `NETWORK` (`NETWORK_ID`) ON DELETE SET NULL ON UPDATE CASCADE
) ENGINE=InnoDB AUTO_INCREMENT=9 DEFAULT CHARSET=utf8mb4 COLLATE=utf8mb4_0900_ai_ci;
/*!40101 SET character_set_client = @saved_cs_client */;

--
-- Dumping data for table `NGO`
--

LOCK TABLES `NGO` WRITE;
/*!40000 ALTER TABLE `NGO` DISABLE KEYS */;
INSERT INTO `NGO` VALUES (1,'ABC','Boston','MA','NE',NULL),(2,'u','u','u','u',NULL),(3,'asdn','asd','asd','asd',NULL),(4,'asdn','asd','asd','asd',NULL),(5,'asdn','asd','asd','asd',NULL),(8,'New NGO','Boston','MA','NE',NULL);
/*!40000 ALTER TABLE `NGO` ENABLE KEYS */;
UNLOCK TABLES;

--
-- Table structure for table `NGO_ADMIN`
--

DROP TABLE IF EXISTS `NGO_ADMIN`;
/*!40101 SET @saved_cs_client     = @@character_set_client */;
/*!50503 SET character_set_client = utf8mb4 */;
CREATE TABLE `NGO_ADMIN` (
  `NGO_ADMIN_ID` int NOT NULL AUTO_INCREMENT,
  `NGO_ADMIN_NAME` varchar(45) DEFAULT NULL,
  `NGO_ADMIN_USERNAME` varchar(45) DEFAULT NULL,
  `NGO_ADMIN_AGE` int DEFAULT NULL,
  `NGO_ADMIN_GENDER` varchar(45) DEFAULT NULL,
  `NGO_ID` int DEFAULT NULL,
  `NGO_ADMIN_PASSWORD` varchar(257) DEFAULT NULL,
  `NGO_ADMIN_EMAIL` varchar(45) DEFAULT NULL,
  `NGO_ADMIN_CONTACT` varchar(45) DEFAULT NULL,
  PRIMARY KEY (`NGO_ADMIN_ID`),
  KEY `NGO_ID_idx` (`NGO_ID`),
  CONSTRAINT `NGO_ADMIN` FOREIGN KEY (`NGO_ID`) REFERENCES `NGO` (`NGO_ID`) ON DELETE SET NULL ON UPDATE CASCADE
) ENGINE=InnoDB AUTO_INCREMENT=2 DEFAULT CHARSET=utf8mb4 COLLATE=utf8mb4_0900_ai_ci;
/*!40101 SET character_set_client = @saved_cs_client */;

--
-- Dumping data for table `NGO_ADMIN`
--

LOCK TABLES `NGO_ADMIN` WRITE;
/*!40000 ALTER TABLE `NGO_ADMIN` DISABLE KEYS */;
INSERT INTO `NGO_ADMIN` VALUES (1,'anuj','anuj',NULL,NULL,8,'anuj',NULL,NULL);
/*!40000 ALTER TABLE `NGO_ADMIN` ENABLE KEYS */;
UNLOCK TABLES;

--
-- Table structure for table `NGO_VOLUNTEER`
--

DROP TABLE IF EXISTS `NGO_VOLUNTEER`;
/*!40101 SET @saved_cs_client     = @@character_set_client */;
/*!50503 SET character_set_client = utf8mb4 */;
CREATE TABLE `NGO_VOLUNTEER` (
  `NGO_VOLUNTEER_ID` int NOT NULL AUTO_INCREMENT,
  `NGO_VOLUNTEER_USERNAME` varchar(45) DEFAULT NULL,
  `NGO_VOLUNTEER_NAME` varchar(45) DEFAULT NULL,
  `NGO_VOLUNTEER_AGE` int DEFAULT NULL,
  `NGO_VOLUNTEER_GENDER` varchar(45) DEFAULT NULL,
  `NGO_ID` int DEFAULT NULL,
  `NGO_VOLUNTEER_PASSWORD` varchar(257) DEFAULT NULL,
  `NGO_VOLUNTEER_EMAIL` varchar(45) DEFAULT NULL,
  `NGO_VOLUNTEER_CONTACT` varchar(45) DEFAULT NULL,
  PRIMARY KEY (`NGO_VOLUNTEER_ID`),
  KEY `NGO_VOLUNTEER` (`NGO_ID`),
  CONSTRAINT `NGO_VOLUNTEER` FOREIGN KEY (`NGO_ID`) REFERENCES `NGO` (`NGO_ID`) ON DELETE SET NULL ON UPDATE CASCADE
) ENGINE=InnoDB DEFAULT CHARSET=utf8mb4 COLLATE=utf8mb4_0900_ai_ci;
/*!40101 SET character_set_client = @saved_cs_client */;

--
-- Dumping data for table `NGO_VOLUNTEER`
--

LOCK TABLES `NGO_VOLUNTEER` WRITE;
/*!40000 ALTER TABLE `NGO_VOLUNTEER` DISABLE KEYS */;
/*!40000 ALTER TABLE `NGO_VOLUNTEER` ENABLE KEYS */;
UNLOCK TABLES;

--
-- Table structure for table `OPO`
--

DROP TABLE IF EXISTS `OPO`;
/*!40101 SET @saved_cs_client     = @@character_set_client */;
/*!50503 SET character_set_client = utf8mb4 */;
CREATE TABLE `OPO` (
  `OPO_ID` int NOT NULL AUTO_INCREMENT,
  `OPO_NAME` varchar(45) DEFAULT NULL,
  `OPO_CITY` varchar(45) DEFAULT NULL,
  `OPO_STATE` varchar(45) DEFAULT NULL,
  `OPO_REGION` varchar(45) DEFAULT NULL,
  `NETWORK_ID` int DEFAULT NULL,
  PRIMARY KEY (`OPO_ID`),
  KEY `NETWORK_ID_idx` (`NETWORK_ID`),
  CONSTRAINT `NETWORK_ID` FOREIGN KEY (`NETWORK_ID`) REFERENCES `NETWORK` (`NETWORK_ID`) ON DELETE SET NULL ON UPDATE CASCADE
) ENGINE=InnoDB AUTO_INCREMENT=7 DEFAULT CHARSET=utf8mb4 COLLATE=utf8mb4_0900_ai_ci;
/*!40101 SET character_set_client = @saved_cs_client */;

--
-- Dumping data for table `OPO`
--

LOCK TABLES `OPO` WRITE;
/*!40000 ALTER TABLE `OPO` DISABLE KEYS */;
INSERT INTO `OPO` VALUES (4,'test_OPO','Boston','MA','NE',NULL),(5,'test2_OPO','Boston','MA','SE',NULL),(6,'abc','Boston','MA','MO',NULL);
/*!40000 ALTER TABLE `OPO` ENABLE KEYS */;
UNLOCK TABLES;

--
-- Table structure for table `OPO_ADMIN`
--

DROP TABLE IF EXISTS `OPO_ADMIN`;
/*!40101 SET @saved_cs_client     = @@character_set_client */;
/*!50503 SET character_set_client = utf8mb4 */;
CREATE TABLE `OPO_ADMIN` (
  `OPO_ADMIN_ID` int NOT NULL AUTO_INCREMENT,
  `OPO_ADMIN_USERNAME` varchar(45) DEFAULT NULL,
  `OPO_ADMIN_NAME` varchar(45) DEFAULT NULL,
  `OPO_ADMIN_AGE` int DEFAULT NULL,
  `OPO_ADMIN_GENDER` varchar(45) DEFAULT NULL,
  `OPO_ID` int DEFAULT NULL,
  `OPO_ADMIN_PASSWORD` varchar(257) DEFAULT NULL,
  `OPO_ADMIN_EMAIL` varchar(45) DEFAULT NULL,
  `OPO_ADMIN_CONTACT` varchar(45) DEFAULT NULL,
  `OPO_ADMIN_ADDRESS` varchar(45) DEFAULT NULL,
  PRIMARY KEY (`OPO_ADMIN_ID`),
  KEY `OPO_ADMIN_idx` (`OPO_ID`),
  CONSTRAINT `OPO_ADMIN` FOREIGN KEY (`OPO_ID`) REFERENCES `OPO` (`OPO_ID`) ON DELETE SET NULL ON UPDATE CASCADE
) ENGINE=InnoDB AUTO_INCREMENT=4 DEFAULT CHARSET=utf8mb4 COLLATE=utf8mb4_0900_ai_ci;
/*!40101 SET character_set_client = @saved_cs_client */;

--
-- Dumping data for table `OPO_ADMIN`
--

LOCK TABLES `OPO_ADMIN` WRITE;
/*!40000 ALTER TABLE `OPO_ADMIN` DISABLE KEYS */;
INSERT INTO `OPO_ADMIN` VALUES (1,'asd','asd',NULL,NULL,NULL,NULL,NULL,NULL,NULL),(2,'DP','DP',NULL,NULL,4,'DP','dishampatil@gmail.com',NULL,NULL),(3,'DP1','DP1',NULL,NULL,5,'DP1','dishampatil@gmail.com',NULL,NULL);
/*!40000 ALTER TABLE `OPO_ADMIN` ENABLE KEYS */;
UNLOCK TABLES;

--
-- Table structure for table `OPO_MANAGER`
--

DROP TABLE IF EXISTS `OPO_MANAGER`;
/*!40101 SET @saved_cs_client     = @@character_set_client */;
/*!50503 SET character_set_client = utf8mb4 */;
CREATE TABLE `OPO_MANAGER` (
  `OPO_MANAGER_ID` int NOT NULL AUTO_INCREMENT,
  `OPO_MANAGER_USERNAME` varchar(45) DEFAULT NULL,
  `OPO_MANAGER_NAME` varchar(45) DEFAULT NULL,
  `OPO_MANAGER_AGE` int DEFAULT NULL,
  `OPO_MANAGER_GENDER` varchar(45) DEFAULT NULL,
  `OPO_ID` int DEFAULT NULL,
  `OPO_MANAGER_PASSWORD` varchar(256) DEFAULT NULL,
  `OPO_MANAGER_EMAIL` varchar(45) DEFAULT NULL,
  `OPO_MANAGER_CONTACT` varchar(45) DEFAULT NULL,
  PRIMARY KEY (`OPO_MANAGER_ID`),
  KEY `OPO_MANAGER_idx` (`OPO_ID`),
  CONSTRAINT `OPO_MANAGER` FOREIGN KEY (`OPO_ID`) REFERENCES `OPO` (`OPO_ID`) ON DELETE SET NULL ON UPDATE CASCADE
) ENGINE=InnoDB DEFAULT CHARSET=utf8mb4 COLLATE=utf8mb4_0900_ai_ci;
/*!40101 SET character_set_client = @saved_cs_client */;

--
-- Dumping data for table `OPO_MANAGER`
--

LOCK TABLES `OPO_MANAGER` WRITE;
/*!40000 ALTER TABLE `OPO_MANAGER` DISABLE KEYS */;
/*!40000 ALTER TABLE `OPO_MANAGER` ENABLE KEYS */;
UNLOCK TABLES;

--
-- Table structure for table `ORGAN`
--

DROP TABLE IF EXISTS `ORGAN`;
/*!40101 SET @saved_cs_client     = @@character_set_client */;
/*!50503 SET character_set_client = utf8mb4 */;
CREATE TABLE `ORGAN` (
  `ORGAN_ID` int NOT NULL AUTO_INCREMENT,
  `ORGAN_NAME` varchar(45) DEFAULT NULL,
  PRIMARY KEY (`ORGAN_ID`),
  UNIQUE KEY `ID_UNIQUE` (`ORGAN_ID`)
) ENGINE=InnoDB AUTO_INCREMENT=7 DEFAULT CHARSET=utf8mb4 COLLATE=utf8mb4_0900_ai_ci;
/*!40101 SET character_set_client = @saved_cs_client */;

--
-- Dumping data for table `ORGAN`
--

LOCK TABLES `ORGAN` WRITE;
/*!40000 ALTER TABLE `ORGAN` DISABLE KEYS */;
INSERT INTO `ORGAN` VALUES (1,'Kidney'),(2,'Intestine'),(3,'Liver'),(4,'Lungs'),(5,'Heart'),(6,'Pancrease');
/*!40000 ALTER TABLE `ORGAN` ENABLE KEYS */;
UNLOCK TABLES;

--
-- Table structure for table `ORGAN_DONOR_RECEIVER_LIST`
--

DROP TABLE IF EXISTS `ORGAN_DONOR_RECEIVER_LIST`;
/*!40101 SET @saved_cs_client     = @@character_set_client */;
/*!50503 SET character_set_client = utf8mb4 */;
CREATE TABLE `ORGAN_DONOR_RECEIVER_LIST` (
  `ORGAN_DONOR_RECEIVER_LIST_ID` int NOT NULL AUTO_INCREMENT,
  `HOSPITAL_ID` int DEFAULT NULL,
  `VISIT_ID` int DEFAULT NULL,
  `ORGAN_DONOR_RECEIVER_LIST_ORGAN_NAME` varchar(20) DEFAULT NULL,
  `ORGAN_DONOR_RECEIVER_LIST_TYPE` varchar(45) DEFAULT NULL,
  `ORGAN_DONOR_RECEIVER_LIST_STATUS` varchar(45) DEFAULT NULL,
  `ORGAN_DONOR_RECEIVER_LIST_DONOR_RECIVER_ID` int DEFAULT NULL,
  PRIMARY KEY (`ORGAN_DONOR_RECEIVER_LIST_ID`),
  KEY `ORGAN_DONOR_LIST_HOSPITAL_idx` (`HOSPITAL_ID`),
  KEY `ORGAN_DONOR_LIST_VISIT_idx` (`VISIT_ID`),
  KEY `ORGAN_DONOR_LIST_ORGAN_idx` (`ORGAN_DONOR_RECEIVER_LIST_ORGAN_NAME`),
  CONSTRAINT `ORGAN_DONOR_LIST_HOSPITAL` FOREIGN KEY (`HOSPITAL_ID`) REFERENCES `HOSPITAL` (`HOSPITAL_ID`) ON DELETE SET NULL ON UPDATE CASCADE,
  CONSTRAINT `ORGAN_DONOR_LIST_VISIT` FOREIGN KEY (`VISIT_ID`) REFERENCES `PATIENTS_VISIT` (`PATIENTS_VISIT_ID`) ON DELETE SET NULL ON UPDATE CASCADE
) ENGINE=InnoDB AUTO_INCREMENT=23 DEFAULT CHARSET=utf8mb4 COLLATE=utf8mb4_0900_ai_ci;
/*!40101 SET character_set_client = @saved_cs_client */;

--
-- Dumping data for table `ORGAN_DONOR_RECEIVER_LIST`
--

LOCK TABLES `ORGAN_DONOR_RECEIVER_LIST` WRITE;
/*!40000 ALTER TABLE `ORGAN_DONOR_RECEIVER_LIST` DISABLE KEYS */;
INSERT INTO `ORGAN_DONOR_RECEIVER_LIST` VALUES (1,3,6,'Intestine','Donor','Sent to Admin',NULL),(2,3,7,'Intestine','Donor','Sent to Admin',NULL),(3,3,6,'Intestine','Donor','Sent to Admin',NULL),(4,3,7,'Kidney','Donor','Sent to Admin',NULL),(5,3,7,'Intestine','Donor','Sent to Admin',NULL),(6,3,8,'Intestine','Donor','Sent to Admin',NULL),(7,3,8,'Heart','Donor','Sent to OPO',NULL),(8,3,8,'Liver','Donor','Sent to OPO',NULL),(9,3,7,'Kidney','Donor',NULL,NULL),(10,3,7,'Lungs','Donor','Sent to OPO',NULL),(11,36,9,'Intestine','Donor','Organ Used',NULL),(12,36,10,'Intestine','Reciver','Organ Recived',NULL),(13,36,9,'Kidney','Donor','Organ Used',16),(14,36,9,'Kidney','Donor','Organ Used',NULL),(15,36,10,'Intestine','Reciver','Sent to OPO',NULL),(16,36,10,'Kidney','Reciver','Organ Recived',13),(17,36,10,'Heart','Reciver','Sent to OPO',NULL),(18,36,10,'Kidney','Reciver','Sent to OPO',NULL),(19,36,11,NULL,'Reciver','Approved by Doctor',NULL),(20,36,11,'Intestine','Reciver','Sent to OPO',NULL),(21,36,11,'Kidney','Reciver','Sent to OPO',NULL),(22,36,11,'Liver','Reciver','Sent to OPO',NULL);
/*!40000 ALTER TABLE `ORGAN_DONOR_RECEIVER_LIST` ENABLE KEYS */;
UNLOCK TABLES;

--
-- Table structure for table `PATIENT_REPORT`
--

DROP TABLE IF EXISTS `PATIENT_REPORT`;
/*!40101 SET @saved_cs_client     = @@character_set_client */;
/*!50503 SET character_set_client = utf8mb4 */;
CREATE TABLE `PATIENT_REPORT` (
  `PATIENT_REPORT_ID` int NOT NULL AUTO_INCREMENT,
  `PATIENT_REPORT_PATHOLOGIST_ID` int DEFAULT NULL,
  `PATIENT_REPORT_BLOOD_TYPE` varchar(45) DEFAULT NULL,
  `PATIENT_REPORT_TISSUE_CONDITION` varchar(45) DEFAULT NULL,
  PRIMARY KEY (`PATIENT_REPORT_ID`),
  KEY `PATIENT_REPORT_PATHO_idx` (`PATIENT_REPORT_PATHOLOGIST_ID`),
  CONSTRAINT `PATIENT_REPORT_PATHO` FOREIGN KEY (`PATIENT_REPORT_PATHOLOGIST_ID`) REFERENCES `HOSPITAL_PATHOLOGIST` (`HOSPITAL_PATHOLOGIST_ID`) ON DELETE SET NULL ON UPDATE CASCADE
) ENGINE=InnoDB AUTO_INCREMENT=21 DEFAULT CHARSET=utf8mb4 COLLATE=utf8mb4_0900_ai_ci;
/*!40101 SET character_set_client = @saved_cs_client */;

--
-- Dumping data for table `PATIENT_REPORT`
--

LOCK TABLES `PATIENT_REPORT` WRITE;
/*!40000 ALTER TABLE `PATIENT_REPORT` DISABLE KEYS */;
INSERT INTO `PATIENT_REPORT` VALUES (14,3,'No',NULL),(15,NULL,'O+ve','Good'),(16,NULL,'No',NULL),(17,NULL,'No',NULL),(18,NULL,'B','TISSUE_D'),(19,NULL,'C','TISSUE_R'),(20,NULL,'C','TISSUE');
/*!40000 ALTER TABLE `PATIENT_REPORT` ENABLE KEYS */;
UNLOCK TABLES;

--
-- Table structure for table `PATIENTS_VISIT`
--

DROP TABLE IF EXISTS `PATIENTS_VISIT`;
/*!40101 SET @saved_cs_client     = @@character_set_client */;
/*!50503 SET character_set_client = utf8mb4 */;
CREATE TABLE `PATIENTS_VISIT` (
  `PATIENTS_VISIT_ID` int NOT NULL AUTO_INCREMENT,
  `HOSPITAL_DOCTOR_ID` int DEFAULT NULL,
  `HOSPITAL_PATIENT_ID` int DEFAULT NULL,
  `PATIENTS_REPORT_ID` int DEFAULT NULL,
  `PATIENTS_VITALS_ID` int DEFAULT NULL,
  `PATIENTS_REPORT_STATUS` varchar(45) DEFAULT 'Not Requested',
  `PATIENTS_VITALS_STATUS` varchar(45) DEFAULT 'Not Requested',
  `HOSPITAL_PATHOLOGIST_ID` int DEFAULT NULL,
  `PATIENTS_VISIT_ORGAN_STATUS` int DEFAULT NULL,
  `PATIENTS_VISIT_DATE` varchar(20) DEFAULT NULL,
  PRIMARY KEY (`PATIENTS_VISIT_ID`),
  KEY `PATIENTS_VISIT_DOCTOR_idx` (`HOSPITAL_DOCTOR_ID`),
  KEY `PATIENTS_VISIT_PATIENT_idx` (`HOSPITAL_PATIENT_ID`),
  KEY `PATIENTS_VISIT_VITALS_idx` (`PATIENTS_VITALS_ID`),
  KEY `PATIENTS_VISIT_REPORTS_idx` (`PATIENTS_REPORT_ID`),
  KEY `PATIENTS_VISIT_PATHO_idx` (`HOSPITAL_PATHOLOGIST_ID`),
  CONSTRAINT `PATIENTS_VISIT_DOCTOR` FOREIGN KEY (`HOSPITAL_DOCTOR_ID`) REFERENCES `HOSPITAL_DOCTOR` (`HOSPITAL_DOCTOR_ID`),
  CONSTRAINT `PATIENTS_VISIT_PATHO` FOREIGN KEY (`HOSPITAL_PATHOLOGIST_ID`) REFERENCES `HOSPITAL_PATHOLOGIST` (`HOSPITAL_PATHOLOGIST_ID`) ON DELETE SET NULL ON UPDATE CASCADE,
  CONSTRAINT `PATIENTS_VISIT_PATIENT` FOREIGN KEY (`HOSPITAL_PATIENT_ID`) REFERENCES `HOSPITAL_PATIENT` (`HOSPITAL_PATIENT_ID`) ON DELETE SET NULL ON UPDATE CASCADE,
  CONSTRAINT `PATIENTS_VISIT_REPORTS` FOREIGN KEY (`PATIENTS_REPORT_ID`) REFERENCES `PATIENT_REPORT` (`PATIENT_REPORT_ID`) ON DELETE SET NULL ON UPDATE CASCADE,
  CONSTRAINT `PATIENTS_VISIT_VITALS` FOREIGN KEY (`PATIENTS_VITALS_ID`) REFERENCES `PATIENTS_VITALS` (`PATIENTS_VITALS_ID`) ON DELETE SET NULL ON UPDATE CASCADE
) ENGINE=InnoDB AUTO_INCREMENT=12 DEFAULT CHARSET=utf8mb4 COLLATE=utf8mb4_0900_ai_ci;
/*!40101 SET character_set_client = @saved_cs_client */;

--
-- Dumping data for table `PATIENTS_VISIT`
--

LOCK TABLES `PATIENTS_VISIT` WRITE;
/*!40000 ALTER TABLE `PATIENTS_VISIT` DISABLE KEYS */;
INSERT INTO `PATIENTS_VISIT` VALUES (1,4,2,NULL,NULL,'Not Requested','Filled by Doctor',NULL,NULL,NULL),(2,6,3,NULL,NULL,'Filled by Patho','Filled by Doctor',2,NULL,NULL),(3,4,3,NULL,NULL,'Not Requested','Not Requested',NULL,NULL,NULL),(4,4,3,NULL,NULL,'Not Requested','Not Requested',NULL,NULL,NULL),(5,6,5,14,NULL,'Not Requested','Filled by Doctor',NULL,NULL,NULL),(6,6,6,15,NULL,'Filled by Patho','Filled by Doctor',2,1,NULL),(7,6,7,16,NULL,'Requested to Patho','Filled by Doctor',2,1,'2022/12/07'),(8,6,8,17,NULL,'Requested to Patho','Filled by Doctor',2,1,'2022/12/07'),(9,8,9,18,18,'Filled by Patho','Filled by Doctor',4,1,'2022/12/09'),(10,8,10,19,19,'Filled by Patho','Filled by Doctor',4,1,'2022/12/09'),(11,8,11,20,20,'Filled by Patho','Filled by Doctor',4,1,'2022/12/09');
/*!40000 ALTER TABLE `PATIENTS_VISIT` ENABLE KEYS */;
UNLOCK TABLES;

--
-- Table structure for table `PATIENTS_VITALS`
--

DROP TABLE IF EXISTS `PATIENTS_VITALS`;
/*!40101 SET @saved_cs_client     = @@character_set_client */;
/*!50503 SET character_set_client = utf8mb4 */;
CREATE TABLE `PATIENTS_VITALS` (
  `PATIENTS_VITALS_ID` int NOT NULL AUTO_INCREMENT,
  `PATIENTS_VITALS_TEMPERATURE` decimal(4,2) DEFAULT NULL,
  `PATIENTS_VITALS_HEIGHT` decimal(4,2) DEFAULT NULL,
  `PATIENTS_VITALS_WEIGHT` decimal(4,2) DEFAULT NULL,
  `PATIENTS_VITALS_PULSE` int DEFAULT NULL,
  `PATIENTS_VITALS_BP` decimal(4,2) DEFAULT NULL,
  `PATIENTS_VITALS_RESPIRATORY_RATE` int DEFAULT NULL,
  PRIMARY KEY (`PATIENTS_VITALS_ID`)
) ENGINE=InnoDB AUTO_INCREMENT=21 DEFAULT CHARSET=utf8mb4 COLLATE=utf8mb4_0900_ai_ci;
/*!40101 SET character_set_client = @saved_cs_client */;

--
-- Dumping data for table `PATIENTS_VITALS`
--

LOCK TABLES `PATIENTS_VITALS` WRITE;
/*!40000 ALTER TABLE `PATIENTS_VITALS` DISABLE KEYS */;
INSERT INTO `PATIENTS_VITALS` VALUES (18,99.00,5.40,67.00,99,80.00,99),(19,98.00,8.90,55.00,99,70.00,88),(20,89.00,76.00,78.00,90,99.00,88);
/*!40000 ALTER TABLE `PATIENTS_VITALS` ENABLE KEYS */;
UNLOCK TABLES;

--
-- Table structure for table `POTENTIAL_DONORS`
--

DROP TABLE IF EXISTS `POTENTIAL_DONORS`;
/*!40101 SET @saved_cs_client     = @@character_set_client */;
/*!50503 SET character_set_client = utf8mb4 */;
CREATE TABLE `POTENTIAL_DONORS` (
  `POTENTIAL_DONORS_ID` int NOT NULL AUTO_INCREMENT,
  `POTENTIAL_DONORS_NAME` varchar(45) DEFAULT NULL,
  `POTENTIAL_DONORS_GENDER` varchar(45) DEFAULT NULL,
  `POTENTIAL_DONORS_AGE` int DEFAULT NULL,
  `POTENTIAL_DONORS_CONTACT` varchar(45) DEFAULT NULL,
  `POTENTIAL_DONORS_ADDRESS` varchar(200) DEFAULT NULL,
  `POTENTIAL_DONORS_ORGAN_ID` int DEFAULT NULL,
  `POTENTIAL_DONORS_NGO_ID` int DEFAULT NULL,
  `POTENTIAL_DONORS_EMAIL` varchar(45) DEFAULT NULL,
  PRIMARY KEY (`POTENTIAL_DONORS_ID`),
  KEY `POTENTIAL_DONORS_NGO_idx` (`POTENTIAL_DONORS_NGO_ID`),
  KEY `POTENTIAL_DONORS_ORGAN_idx` (`POTENTIAL_DONORS_ORGAN_ID`),
  CONSTRAINT `POTENTIAL_DONORS_NGO` FOREIGN KEY (`POTENTIAL_DONORS_NGO_ID`) REFERENCES `NGO` (`NGO_ID`) ON DELETE SET NULL ON UPDATE CASCADE,
  CONSTRAINT `POTENTIAL_DONORS_ORGAN` FOREIGN KEY (`POTENTIAL_DONORS_ORGAN_ID`) REFERENCES `ORGAN` (`ORGAN_ID`) ON DELETE SET NULL ON UPDATE CASCADE
) ENGINE=InnoDB AUTO_INCREMENT=2 DEFAULT CHARSET=utf8mb4 COLLATE=utf8mb4_0900_ai_ci;
/*!40101 SET character_set_client = @saved_cs_client */;

--
-- Dumping data for table `POTENTIAL_DONORS`
--

LOCK TABLES `POTENTIAL_DONORS` WRITE;
/*!40000 ALTER TABLE `POTENTIAL_DONORS` DISABLE KEYS */;
INSERT INTO `POTENTIAL_DONORS` VALUES (1,'Anuj','Male',12,'123123','sdada',NULL,8,'123');
/*!40000 ALTER TABLE `POTENTIAL_DONORS` ENABLE KEYS */;
UNLOCK TABLES;

--
-- Table structure for table `TRANSPORT`
--

DROP TABLE IF EXISTS `TRANSPORT`;
/*!40101 SET @saved_cs_client     = @@character_set_client */;
/*!50503 SET character_set_client = utf8mb4 */;
CREATE TABLE `TRANSPORT` (
  `TRANSPORT_ID` int NOT NULL AUTO_INCREMENT,
  `TRANSPORT_NAME` varchar(45) DEFAULT NULL,
  `TRANSPORT_CITY` varchar(45) DEFAULT NULL,
  `TRANSPORT_STATE` varchar(45) DEFAULT NULL,
  `TRANSPORT_REGION` varchar(45) DEFAULT NULL,
  `NETWORK_ID` int DEFAULT NULL,
  PRIMARY KEY (`TRANSPORT_ID`),
  KEY `TRANSPORT_NETWORK_ID_idx` (`NETWORK_ID`),
  CONSTRAINT `TRANSPORT_NETWORK_ID` FOREIGN KEY (`NETWORK_ID`) REFERENCES `NETWORK` (`NETWORK_ID`) ON DELETE SET NULL ON UPDATE CASCADE
) ENGINE=InnoDB AUTO_INCREMENT=10 DEFAULT CHARSET=utf8mb4 COLLATE=utf8mb4_0900_ai_ci;
/*!40101 SET character_set_client = @saved_cs_client */;

--
-- Dumping data for table `TRANSPORT`
--

LOCK TABLES `TRANSPORT` WRITE;
/*!40000 ALTER TABLE `TRANSPORT` DISABLE KEYS */;
INSERT INTO `TRANSPORT` VALUES (8,'Test_transport','Boston','MA','NE',NULL),(9,'Test_transport_SE','Boston','MA','SE',NULL);
/*!40000 ALTER TABLE `TRANSPORT` ENABLE KEYS */;
UNLOCK TABLES;

--
-- Table structure for table `TRANSPORT_ADMIN`
--

DROP TABLE IF EXISTS `TRANSPORT_ADMIN`;
/*!40101 SET @saved_cs_client     = @@character_set_client */;
/*!50503 SET character_set_client = utf8mb4 */;
CREATE TABLE `TRANSPORT_ADMIN` (
  `TRANSPORT_ADMIN_ID` int NOT NULL AUTO_INCREMENT,
  `TRANSPORT_ADMIN_NAME` varchar(45) DEFAULT NULL,
  `TRANSPORT_ADMIN_USERNAME` varchar(45) DEFAULT NULL,
  `TRANSPORT_ADMIN_AGE` int DEFAULT NULL,
  `TRANSPORT_ADMIN_GENDER` varchar(45) DEFAULT NULL,
  `TRANSPORT_ID` int DEFAULT NULL,
  `TRANSPORT_ADMIN_PASSWORD` varchar(256) DEFAULT NULL,
  `TRANSPORT_ADMIN_EMAIL` varchar(45) DEFAULT NULL,
  `TRANSPORT_ADMIN_CONTACT` varchar(45) DEFAULT NULL,
  `TRANSPORT_ADMIN_ADDRESS` varchar(200) DEFAULT NULL,
  PRIMARY KEY (`TRANSPORT_ADMIN_ID`),
  KEY `TRANSPORT_ADMIN_idx` (`TRANSPORT_ID`),
  CONSTRAINT `TRANSPORT_ADMIN` FOREIGN KEY (`TRANSPORT_ID`) REFERENCES `TRANSPORT` (`TRANSPORT_ID`) ON DELETE SET NULL ON UPDATE CASCADE
) ENGINE=InnoDB AUTO_INCREMENT=3 DEFAULT CHARSET=utf8mb4 COLLATE=utf8mb4_0900_ai_ci;
/*!40101 SET character_set_client = @saved_cs_client */;

--
-- Dumping data for table `TRANSPORT_ADMIN`
--

LOCK TABLES `TRANSPORT_ADMIN` WRITE;
/*!40000 ALTER TABLE `TRANSPORT_ADMIN` DISABLE KEYS */;
INSERT INTO `TRANSPORT_ADMIN` VALUES (1,'test_transport_se','test_transport_se',NULL,NULL,9,'test_transport_se','testing@test.com',NULL,NULL),(2,'test_admin_transport','test_ta',NULL,NULL,8,'test_ta','testing@test.com',NULL,NULL);
/*!40000 ALTER TABLE `TRANSPORT_ADMIN` ENABLE KEYS */;
UNLOCK TABLES;

--
-- Table structure for table `TRANSPORT_DETAILS`
--

DROP TABLE IF EXISTS `TRANSPORT_DETAILS`;
/*!40101 SET @saved_cs_client     = @@character_set_client */;
/*!50503 SET character_set_client = utf8mb4 */;
CREATE TABLE `TRANSPORT_DETAILS` (
  `TRANSPORT_DETAILS_ID` int NOT NULL AUTO_INCREMENT,
  `TRANSPORT_DETAILS_SOURCE_HOSPITAL_ID` int DEFAULT NULL,
  `TRANSPORT_DETAILS_DESTINATION_HOSPITAL_ID` int DEFAULT NULL,
  `TRANSPORT_DETAILS_STATUS` varchar(200) DEFAULT NULL,
  `TRANSPORT_DETAILS_ORGAN_NAME` varchar(45) DEFAULT NULL,
  `DRIVER_ID` int DEFAULT NULL,
  PRIMARY KEY (`TRANSPORT_DETAILS_ID`),
  KEY `TRANSPORT_DETAILS_SRC_idx` (`TRANSPORT_DETAILS_SOURCE_HOSPITAL_ID`),
  KEY `TRANSPORT_DETAILS_DEST_idx` (`TRANSPORT_DETAILS_DESTINATION_HOSPITAL_ID`),
  KEY `TRANSPORT_DETAILS_Driver_idx` (`DRIVER_ID`),
  CONSTRAINT `TRANSPORT_DETAILS_DEST` FOREIGN KEY (`TRANSPORT_DETAILS_DESTINATION_HOSPITAL_ID`) REFERENCES `HOSPITAL` (`HOSPITAL_ID`) ON DELETE SET NULL ON UPDATE CASCADE,
  CONSTRAINT `TRANSPORT_DETAILS_Driver` FOREIGN KEY (`DRIVER_ID`) REFERENCES `TRANSPORT_DRIVER` (`TRANSPORT_DRIVER_ID`) ON DELETE SET NULL ON UPDATE CASCADE,
  CONSTRAINT `TRANSPORT_DETAILS_SRC` FOREIGN KEY (`TRANSPORT_DETAILS_SOURCE_HOSPITAL_ID`) REFERENCES `HOSPITAL` (`HOSPITAL_ID`) ON DELETE SET NULL ON UPDATE CASCADE
) ENGINE=InnoDB AUTO_INCREMENT=3 DEFAULT CHARSET=utf8mb4 COLLATE=utf8mb4_0900_ai_ci;
/*!40101 SET character_set_client = @saved_cs_client */;

--
-- Dumping data for table `TRANSPORT_DETAILS`
--

LOCK TABLES `TRANSPORT_DETAILS` WRITE;
/*!40000 ALTER TABLE `TRANSPORT_DETAILS` DISABLE KEYS */;
INSERT INTO `TRANSPORT_DETAILS` VALUES (1,36,36,'Sent to Driver Admins','Kidney',NULL),(2,36,35,'Sent to Driver Admins','Liver',NULL);
/*!40000 ALTER TABLE `TRANSPORT_DETAILS` ENABLE KEYS */;
UNLOCK TABLES;

--
-- Table structure for table `TRANSPORT_DRIVER`
--

DROP TABLE IF EXISTS `TRANSPORT_DRIVER`;
/*!40101 SET @saved_cs_client     = @@character_set_client */;
/*!50503 SET character_set_client = utf8mb4 */;
CREATE TABLE `TRANSPORT_DRIVER` (
  `TRANSPORT_DRIVER_ID` int NOT NULL AUTO_INCREMENT,
  `TRANSPORT_DRIVER_USERNAME` varchar(45) DEFAULT NULL,
  `TRANSPORT_DRIVER_NAME` varchar(45) DEFAULT NULL,
  `TRANSPORT_DRIVER_AGE` int DEFAULT NULL,
  `TRANSPORT_DRIVER_GENDER` varchar(45) DEFAULT NULL,
  `TRANSPORT_ID` int DEFAULT NULL,
  `TRANSPORT_DRIVER_PASSWORD` varchar(256) DEFAULT NULL,
  `TRANSPORT_DRIVER_EMAIL` varchar(45) DEFAULT NULL,
  `TRANSPORT_DRIVER_CONTACT` varchar(45) DEFAULT NULL,
  `TRANSPORT_DRIVER_STATUS` varchar(45) DEFAULT NULL,
  PRIMARY KEY (`TRANSPORT_DRIVER_ID`),
  KEY `TRANSPORT_ID_idx` (`TRANSPORT_ID`),
  CONSTRAINT `TRANSPORT_ID` FOREIGN KEY (`TRANSPORT_ID`) REFERENCES `TRANSPORT` (`TRANSPORT_ID`) ON DELETE SET NULL ON UPDATE CASCADE
) ENGINE=InnoDB AUTO_INCREMENT=3 DEFAULT CHARSET=utf8mb4 COLLATE=utf8mb4_0900_ai_ci;
/*!40101 SET character_set_client = @saved_cs_client */;

--
-- Dumping data for table `TRANSPORT_DRIVER`
--

LOCK TABLES `TRANSPORT_DRIVER` WRITE;
/*!40000 ALTER TABLE `TRANSPORT_DRIVER` DISABLE KEYS */;
INSERT INTO `TRANSPORT_DRIVER` VALUES (1,'asd','as',NULL,NULL,8,'as',' as',NULL,'Available'),(2,'abcd','asd',NULL,NULL,8,'abcd','asd',NULL,'Available');
/*!40000 ALTER TABLE `TRANSPORT_DRIVER` ENABLE KEYS */;
UNLOCK TABLES;
/*!40103 SET TIME_ZONE=@OLD_TIME_ZONE */;

/*!40101 SET SQL_MODE=@OLD_SQL_MODE */;
/*!40014 SET FOREIGN_KEY_CHECKS=@OLD_FOREIGN_KEY_CHECKS */;
/*!40014 SET UNIQUE_CHECKS=@OLD_UNIQUE_CHECKS */;
/*!40101 SET CHARACTER_SET_CLIENT=@OLD_CHARACTER_SET_CLIENT */;
/*!40101 SET CHARACTER_SET_RESULTS=@OLD_CHARACTER_SET_RESULTS */;
/*!40101 SET COLLATION_CONNECTION=@OLD_COLLATION_CONNECTION */;
/*!40111 SET SQL_NOTES=@OLD_SQL_NOTES */;

-- Dump completed on 2022-12-10  0:45:04
