<?xml version="1.0" encoding="UTF-8"?>
<project-private xmlns="http://www.netbeans.org/ns/project-private/1">
    <editor-bookmarks xmlns="http://www.netbeans.org/ns/editor-bookmarks/2" lastBookmarkId="0"/>
    <open-files xmlns="http://www.netbeans.org/ns/projectui-open-files/2">
        <group>
            <file>file:/C:/Users/kb282/3D%20Objects/GIT%20Branch%202/Organ-Donation/Organ%20Donation/src/userInterface/HospitalAdminWorkArea/CreateRolesHospitalJPanel.java</file>
            <file>file:/C:/Users/kb282/3D%20Objects/GIT%20Branch%202/Organ-Donation/Organ%20Donation/src/userInterface/DoctorRole/DoctorProfileJPanel.java</file>
            <file>file:/C:/Users/kb282/3D%20Objects/GIT%20Branch%202/Organ-Donation/Organ%20Donation/src/userInterface/RecepitionistRole/CreatePatientsJPanel.java</file>
            <file>file:/C:/Users/kb282/3D%20Objects/GIT%20Branch%202/Organ-Donation/Organ%20Donation/src/userInterface/HospitalAdminWorkArea/HospitalAdminWorkAreaJFrame.java</file>
            <file>file:/C:/Users/kb282/3D%20Objects/GIT%20Branch%202/Organ-Donation/Organ%20Donation/src/userInterface/SystemAdminWorkArea/SystemJFrame.java</file>
            <file>file:/C:/Users/kb282/3D%20Objects/GIT%20Branch%202/Organ-Donation/Organ%20Donation/src/userInterface/Transport/TransportAdminWorkArea.java</file>
            <file>file:/C:/Users/kb282/3D%20Objects/GIT%20Branch%202/Organ-Donation/Organ%20Donation/src/userInterface/SystemAdminWorkArea/ManageHospitalJPanel.java</file>
            <file>file:/C:/Users/kb282/3D%20Objects/GIT%20Branch%202/Organ-Donation/Organ%20Donation/src/userInterface/RecepitionistRole/AppointDoctorsJPanel.java</file>
            <file>file:/C:/Users/kb282/3D%20Objects/GIT%20Branch%202/Organ-Donation/Organ%20Donation/src/userInterface/SystemAdminWorkArea/ManageTransportJPanel.java</file>
            <file>file:/C:/Users/kb282/3D%20Objects/GIT%20Branch%202/Organ-Donation/Organ%20Donation/src/userInterface/SystemAdminWorkArea/LoginJPanel.java</file>
            <file>file:/C:/Users/kb282/3D%20Objects/GIT%20Branch%202/Organ-Donation/Organ%20Donation/src/userInterface/SystemAdminWorkArea/ManageRecieversJPanel.java</file>
            <file>file:/C:/Users/kb282/3D%20Objects/GIT%20Branch%202/Organ-Donation/Organ%20Donation/src/Business/Employee/EmployeeDirectory.java</file>
            <file>file:/C:/Users/kb282/3D%20Objects/GIT%20Branch%202/Organ-Donation/Organ%20Donation/src/userInterface/SystemAdminWorkArea/ManageOPOJPanel.java</file>
            <file>file:/C:/Users/kb282/3D%20Objects/GIT%20Branch%202/Organ-Donation/Organ%20Donation/src/userInterface/DoctorRole/DoctorManagePatientsJPanel.java</file>
            <file>file:/C:/Users/kb282/3D%20Objects/GIT%20Branch%202/Organ-Donation/Organ%20Donation/src/userInterface/NGO/NGOManageJPanel.java</file>
            <file>file:/C:/Users/kb282/3D%20Objects/GIT%20Branch%202/Organ-Donation/Organ%20Donation/src/userInterface/DoctorRole/DoctorManageDonorJPanel.java</file>
            <file>file:/C:/Users/kb282/3D%20Objects/GIT%20Branch%202/Organ-Donation/Organ%20Donation/src/DatabaseUtility/DatabaseEnterpriseUtilities.java</file>
            <file>file:/C:/Users/kb282/3D%20Objects/GIT%20Branch%202/Organ-Donation/Organ%20Donation/src/userInterface/NGO/NGOmanageVolunteerJPanel.java</file>
            <file>file:/C:/Users/kb282/3D%20Objects/GIT%20Branch%202/Organ-Donation/Organ%20Donation/src/userInterface/Pathology/PathoManagePatientsJPanel.java</file>
            <file>file:/C:/Users/kb282/3D%20Objects/GIT%20Branch%202/Organ-Donation/Organ%20Donation/src/userInterface/RecepitionistRole/RecepitionistWorkAreaJFrame.java</file>
            <file>file:/C:/Users/kb282/3D%20Objects/GIT%20Branch%202/Organ-Donation/Organ%20Donation/src/userInterface/SystemAdminWorkArea/ManageDonorsJPanel.java</file>
            <file>file:/C:/Users/kb282/3D%20Objects/GIT%20Branch%202/Organ-Donation/Organ%20Donation/src/userInterface/NGO/NGOAdminPanel.java</file>
            <file>file:/C:/Users/kb282/3D%20Objects/GIT%20Branch%202/Organ-Donation/Organ%20Donation/src/userInterface/Transport/ManageDriverJPanel.java</file>
            <file>file:/C:/Users/kb282/3D%20Objects/GIT%20Branch%202/Organ-Donation/Organ%20Donation/src/userInterface/Pathology/ManagePathoProfileJPanel.java</file>
            <file>file:/C:/Users/kb282/3D%20Objects/GIT%20Branch%202/Organ-Donation/Organ%20Donation/src/userInterface/RecepitionistRole/RecepionistProfileUpdateJPanel.java</file>
            <file>file:/C:/Users/kb282/3D%20Objects/GIT%20Branch%202/Organ-Donation/Organ%20Donation/src/userInterface/Transport/ManageTransportPanel.java</file>
            <file>file:/C:/Users/kb282/3D%20Objects/GIT%20Branch%202/Organ-Donation/Organ%20Donation/src/userInterface/Pathology/PathologyAdminWorkArea.java</file>
            <file>file:/C:/Users/kb282/3D%20Objects/GIT%20Branch%202/Organ-Donation/Organ%20Donation/src/userInterface/SystemAdminWorkArea/SystemAdminWorkArea.java</file>
            <file>file:/C:/Users/kb282/3D%20Objects/GIT%20Branch%202/Organ-Donation/Organ%20Donation/src/userInterface/SystemAdminWorkArea/ManageNGOJPanel.java</file>
            <file>file:/C:/Users/kb282/3D%20Objects/GIT%20Branch%202/Organ-Donation/Organ%20Donation/src/userInterface/Transport/ManageAdminTransportJPanel.java</file>
        </group>
    </open-files>
</project-private>
